frame,X,Y,source,inliers
1,0.7709050747316585,0.24954384962387308,cam2,101
2,0.7686598432670613,0.24896980956529763,cam2,108
3,0.7553759157991167,0.24307750863718336,cam2,84
4,0.747777254030831,0.24337005524208766,cam2,81
