frame,X,Y,Xs,Ys,inliers,ref_idx
1,0.7348074067539803,0.22859083746756081,0.7348074067539803,0.22859083746756081,47,3
2,0.7297969649713613,0.22860086892497353,0.7338053183974566,0.22859284375904337,48,3
3,0.725226083333881,0.2284654903384745,0.7320894713847415,0.2285673730749296,54,3
4,0.721049586189916,0.2265201603267644,0.7298814943457763,0.2281579305252966,47,3
5,0.7171494543189496,0.22565995377912804,0.7273350863404111,0.2276583351760629,51,3
6,0.7139452673628872,0.2243117022358606,0.7246571225449063,0.22698900858802246,45,3
7,0.7086765249145609,0.222906565695194,0.7214610030188373,0.22617252000945676,44,3
