frame,X,Y,Xs,Ys,inliers,ref_idx
1,0.7709050747316585,0.24954384962387308,0.7709050747316585,0.24954384962387308,101,0
2,0.7596789174086719,0.24667364933099573,0.7686598432670613,0.24896980956529763,108,0
3,0.7022402059273379,0.21950830492472617,0.7553759157991167,0.24307750863718336,84,1
4,0.7173826069576875,0.2445402416617049,0.747777254030831,0.24337005524208766,81,5
