frame,X,Y,source,inliers
1,0.914973039237946,0.8587216138187646,cam1,39
2,0.9149779507060753,0.8589897875053972,cam1,33
3,0.9125049580738204,0.86016631841867,cam1,33
4,0.9104680763514417,0.8612491226273682,cam1,36
5,0.9113835815324858,0.8615778068928345,cam1,30
6,0.9119160162008727,0.8623084310506178,cam1,37
