frame,X,Y,Xs,Ys,inliers,ref_idx
1,0.914973039237946,0.8587216138187646,0.914973039237946,0.8587216138187646,39,0
2,0.9149975965785919,0.8600624822519277,0.9149779507060753,0.8589897875053972,33,0
3,0.9026129875448002,0.8648724420717605,0.9125049580738204,0.86016631841867,33,2
4,0.9023205494619267,0.8655803394621608,0.9104680763514417,0.8612491226273682,36,2
5,0.9150456022566622,0.8628925439546989,0.9113835815324858,0.8615778068928345,30,0
6,0.9140457548744203,0.8652309276817511,0.9119160162008727,0.8623084310506178,37,0
